Rank,City,State,RecentCensus,Census,Percentage_change,Land_area,Population_density,Longitude,Latitude
1,New York,New York,"8,537,673","8,175,133",4.43%,301.5 sq mi,28317,40.66,73.94
2,Los Angeles,California,"3,976,322","3,792,621",4.84%,468.7 sq mi,8484,34.02,118.41
3,Chicago,Illinois,"2,704,958","2,695,598",0.35%,227.3 sq mi,11900,41.84,87.68
4,Houston,Texas,"2,303,482","2,100,263",9.68%,637.5 sq mi,3613,29.79,95.39
5,Phoenix,Arizona,"1,615,017","1,445,632",11.72%,517.6 sq mi,3120,33.57,112.09
6,Philadelphia,Pennsylvania,"1,567,872","1,526,006",2.74%,134.2 sq mi,11683,40.01,75.13
7,San Antonio,Texas,"1,492,510","1,327,407",12.44%,461.0 sq mi,3238,29.47,98.53
8,San Diego,California,"1,406,630","1,307,402",7.59%,325.2 sq mi,4325,32.82,117.14
9,Dallas,Texas,"1,317,929","1,197,816",10.03%,340.9 sq mi,3866,32.79,96.77
10,San Jose,California,"1,025,350","945,942",8.39%,177.5 sq mi,5777,37.3,121.82
11,Austin,Texas,"947,890","790,390",19.93%,312.7 sq mi,3031,30.3,97.75
12,Jacksonville,Florida,"880,619","821,784",7.16%,747.4 sq mi,1178,30.34,81.66
13,San Francisco,California,"870,887","805,235",8.15%,46.9 sq mi,18569,37.73,123.03
14,Columbus,Ohio,"860,090","787,033",9.28%,218.5 sq mi,3936,39.99,82.98
15,Indianapolis,Indiana,"855,164","820,445",4.23%,361.5 sq mi,2366,39.78,86.15
16,Fort Worth,Texas,"854,113","741,206",15.23%,342.9 sq mi,2491,32.78,97.35
17,Charlotte,North Carolina,"842,051","731,424",15.12%,305.4 sq mi,2757,35.21,80.83
18,Seattle,Washington,"704,352","608,660",15.72%,83.8 sq mi,8405,47.62,122.35
19,Denver,Colorado,"693,060","600,158",15.48%,153.3 sq mi,4521,39.76,104.88
20,El Paso,Texas,"683,080","649,121",5.23%,256.8 sq mi,2660,31.85,106.43
21,Washington,District of Columbia,"681,170","601,723",13.20%,61.1 sq mi,11148,38.9,77.02
22,Boston,Massachusetts,"673,184","617,594",9.00%,48.3 sq mi,13938,42.33,71.02
23,Detroit,Michigan,"672,795","713,777",_5.74%,138.8 sq mi,4847,42.38,83.1
24,Nashville,Tennessee,"660,388","601,222",9.84%,475.9 sq mi,1388,36.17,86.79
25,Memphis,Tennessee,"652,717","646,889",0.90%,317.4 sq mi,2056,35.1,89.98
26,Portland,Oregon,"639,863","583,776",9.61%,133.5 sq mi,4793,45.54,122.65
27,Oklahoma City,Oklahoma,"638,367","579,999",10.06%,606.3 sq mi,1053,35.47,97.51
28,Las Vegas,Nevada,"632,912","583,756",8.42%,134.4 sq mi,4709,36.23,115.26
29,Louisville,Kentucky,"616,261","597,337",3.17%,263.5 sq mi,2339,38.17,85.65
30,Baltimore,Maryland,"614,664","620,961",_1.01%,80.9 sq mi,7598,39.3,76.61
31,Milwaukee,Wisconsin,"595,047","594,833",0.04%,96.2 sq mi,6186,43.06,87.97
32,Albuquerque,New Mexico,"559,277","545,852",2.46%,188.2 sq mi,2972,35.11,106.65
33,Tucson,Arizona,"530,706","520,116",2.04%,230.8 sq mi,2299,32.15,110.87
34,Fresno,California,"522,053","494,665",5.54%,114.4 sq mi,4563,36.78,119.79
35,Sacramento,California,"495,234","466,488",6.16%,97.9 sq mi,5059,38.57,121.47
36,Mesa,Arizona,"484,587","439,041",10.37%,137.9 sq mi,3514,33.4,111.72
37,Kansas City,Missouri,"481,420","459,787",4.71%,315.0 sq mi,1528,39.13,94.55
38,Atlanta,Georgia,"472,522","420,003",12.50%,133.5 sq mi,3539,33.76,84.42
39,Long Beach,California,"470,130","462,257",1.70%,50.3 sq mi,9347,33.81,118.16
40,Colorado Springs,Colorado,"465,101","416,427",11.69%,195.6 sq mi,2378,38.87,104.76
41,Raleigh,North Carolina,"458,880","403,892",13.61%,145.1 sq mi,3163,35.83,78.64
42,Miami,Florida,"453,579","399,457",13.55%,36.0 sq mi,12599,25.78,80.21
43,Virginia Beach,Virginia,"452,602","437,994",3.34%,244.7 sq mi,1850,36.78,76.03
44,Omaha,Nebraska,"446,970","408,958",9.29%,133.2 sq mi,3356,41.26,96.05
45,Oakland,California,"420,005","390,724",7.49%,55.9 sq mi,7514,37.77,122.23
46,Minneapolis,Minnesota,"413,651","382,578",8.12%,54.0 sq mi,7660,44.96,93.27
47,Tulsa,Oklahoma,"403,090","391,906",2.85%,196.8 sq mi,2048,36.13,95.9
48,Arlington,Texas,"392,772","365,438",7.48%,95.8 sq mi,4100,32.7,97.12
49,New Orleans,Louisiana,"391,495","343,829",13.86%,169.4 sq mi,2311,30.05,89.93
50,Wichita,Kansas,"389,902","382,368",1.97%,160.4 sq mi,2431,37.69,97.35
51,Cleveland,Ohio,"385,809","396,815",_2.77%,77.7 sq mi,4965,41.48,81.68
52,Tampa,Florida,"377,165","335,709",12.35%,113.4 sq mi,3326,27.97,82.48
53,Bakersfield,California,"376,380","347,483",8.32%,148.8 sq mi,2529,35.32,119.02
54,Aurora,Colorado,"361,710","325,078",11.27%,153.5 sq mi,2356,39.69,104.69
55,Honolulu,Hawaii,"351,792","337,256",4.31%,60.5 sq mi,5815,21.32,157.85
56,Anaheim,California,"351,043","336,265",4.39%,50.0 sq mi,7021,33.86,117.76
57,Santa Ana,California,"334,217","324,528",2.99%,27.1 sq mi,12333,33.74,117.88
58,Corpus Christi,Texas,"325,733","305,215",6.72%,174.6 sq mi,1866,27.75,97.17
59,Riverside,California,"324,722","303,871",6.86%,81.2 sq mi,3999,33.94,117.39
60,Lexington,Kentucky,"318,449","295,803",7.66%,283.6 sq mi,1123,38.04,84.46
61,St. Louis,Missouri,"311,404","319,294",_2.47%,62.0 sq mi,5023,38.64,90.24
62,Stockton,California,"307,072","291,707",5.27%,61.7 sq mi,4977,37.98,121.31
63,Pittsburgh,Pennsylvania,"303,625","305,704",_0.68%,55.4 sq mi,5481,40.44,79.98
64,Saint Paul,Minnesota,"302,398","285,068",6.08%,52.0 sq mi,5815,44.95,93.1
65,Cincinnati,Ohio,"298,800","296,943",0.63%,77.4 sq mi,3860,39.14,84.51
66,Anchorage,Alaska,"298,192","291,826",2.18%,"1,706.6 sq mi",175,61.17,149.28
67,Henderson,Nevada,"292,969","257,729",13.67%,104.7 sq mi,2798,36.01,115.04
68,Greensboro,North Carolina,"287,027","269,666",6.44%,128.3 sq mi,2237,36.1,79.83
69,Plano,Texas,"286,057","259,841",10.09%,71.7 sq mi,3990,33.05,96.75
70,Newark,New Jersey,"281,764","277,140",1.67%,24.1 sq mi,11691,40.72,74.17
71,Lincoln,Nebraska,"280,364","258,379",8.51%,92.1 sq mi,3044,40.81,96.68
72,Toledo,Ohio,"278,508","287,208",_3.03%,80.7 sq mi,3451,41.66,83.58
73,Orlando,Florida,"277,173","238,300",16.31%,105.2 sq mi,2635,28.42,81.27
74,Chula Vista,California,"267,172","243,916",9.53%,49.6 sq mi,5387,32.63,117.02
75,Irvine,California,"266,122","212,375",25.31%,65.6 sq mi,4057,33.68,117.77
76,Fort Wayne,Indiana,"264,488","253,691",4.26%,110.6 sq mi,2391,41.09,85.14
77,Jersey City,New Jersey,"264,152","247,597",6.69%,14.8 sq mi,17848,40.71,74.06
78,Durham,North Carolina,"263,016","228,330",15.19%,109.8 sq mi,2395,35.98,78.9
79,St. Petersburg,Florida,"260,999","244,769",6.63%,61.8 sq mi,4223,27.76,82.64
80,Laredo,Texas,"257,156","236,091",8.92%,101.1 sq mi,2544,27.56,99.49
81,Buffalo,New York,"256,902","261,310",_1.69%,40.4 sq mi,6359,42.89,78.86
82,Madison,Wisconsin,"252,551","233,209",8.29%,77.0 sq mi,3280,43.09,89.43
83,Lubbock,Texas,"252,506","229,573",9.99%,124.6 sq mi,2027,33.57,101.89
84,Chandler,Arizona,"247,477","236,123",4.81%,64.9 sq mi,3813,33.28,111.85
85,Scottsdale,Arizona,"246,645","217,385",13.46%,183.9 sq mi,1341,33.68,111.86
86,Glendale,Arizona,"245,895","226,721",8.46%,59.1 sq mi,4161,33.53,112.19
87,Reno,Nevada,"245,255","225,221",8.90%,107.3 sq mi,2286,39.55,119.85
88,Norfolk,Virginia,"245,115","242,803",0.95%,53.3 sq mi,4599,36.92,76.24
89,Winston_Salem,North Carolina,"242,203","229,617",5.48%,132.5 sq mi,1828,36.1,80.26
90,North Las Vegas,Nevada,"238,702","216,961",10.02%,98.0 sq mi,2436,36.29,115.09
91,Irving,Texas,"238,289","216,290",10.17%,67.0 sq mi,3557,32.86,96.97
92,Chesapeake,Virginia,"237,940","222,209",7.08%,338.5 sq mi,703,36.68,76.3
93,Gilbert,Arizona,"237,133","208,453",13.76%,68.0 sq mi,3487,33.31,111.74
94,Hialeah,Florida,"236,387","224,669",5.22%,21.5 sq mi,10995,25.87,80.3
95,Garland,Texas,"234,943","226,876",3.56%,57.0 sq mi,4122,32.91,96.63
96,Fremont,California,"233,136","214,089",8.90%,77.5 sq mi,3008,37.49,121.94
97,Baton Rouge,Louisiana,"227,715","229,493",_0.77%,85.9 sq mi,2651,30.44,91.13
98,Richmond,Virginia,"223,170","204,214",9.28%,59.8 sq mi,3732,37.53,77.48
99,Boise,Idaho,"223,154","205,671",8.50%,82.1 sq mi,2718,43.6,116.23
100,San Bernardino,California,"216,239","209,924",3.01%,61.5 sq mi,3516,34.14,117.29
101,Spokane,Washington,"215,973","208,916",3.38%,68.7 sq mi,3144,47.67,117.43
102,Des Moines,Iowa,"215,472","203,433",5.92%,88.9 sq mi,2424,41.57,93.61
103,Modesto,California,"212,175","201,165",5.47%,43.0 sq mi,4934,37.64,121
104,Birmingham,Alabama,"212,157","212,237",_0.04%,146.1 sq mi,1452,33.53,86.8
105,Tacoma,Washington,"211,277","198,397",6.49%,49.7 sq mi,4251,47.25,122.46
106,Fontana,California,"209,665","196,069",6.93%,43.0 sq mi,4876,34.11,117.46
107,Rochester,New York,"208,880","210,565",_0.80%,35.8 sq mi,5835,43.17,77.62
108,Oxnard,California,"207,906","197,899",5.06%,26.9 sq mi,7729,34.2,119.2
109,Moreno Valley,California,"205,499","193,365",6.28%,51.3 sq mi,4006,33.92,117.21
110,Fayetteville,North Carolina,"204,759","200,564",2.09%,147.7 sq mi,1386,35.08,78.97
111,Aurora,Illinois,"201,110","197,899",1.62%,44.9 sq mi,4479,41.76,88.29
112,Glendale,California,"200,831","191,719",4.75%,30.4 sq mi,6606,34.18,118.25
113,Yonkers,New York,"200,807","195,976",2.47%,18.0 sq mi,11156,40.95,73.87
114,Huntington Beach,California,"200,652","189,992",5.61%,26.9 sq mi,7459,33.69,118.01
115,Montgomery,Alabama,"200,022","205,764",_2.79%,159.8 sq mi,1252,32.35,86.27
116,Amarillo,Texas,"199,582","190,695",4.66%,101.4 sq mi,1968,35.2,101.83
117,Little Rock,Arkansas,"198,541","193,524",2.59%,118.7 sq mi,1673,34.73,92.36
118,Akron,Ohio,"197,633","199,110",_0.74%,62.0 sq mi,3188,41.08,81.52
119,Columbus,Georgia,"197,485","189,885",4.00%,216.4 sq mi,913,32.51,84.87
120,Augusta,Georgia,"197,081","195,844",0.63%,302.5 sq mi,652,33.37,82.07
121,Grand Rapids,Michigan,"196,445","188,040",4.47%,44.4 sq mi,4424,42.96,85.66
122,Shreveport,Louisiana,"194,920","199,311",_2.20%,107.1 sq mi,1820,32.47,93.79
123,Salt Lake City,Utah,"193,744","186,440",3.92%,111.2 sq mi,1742,40.78,111.93
124,Huntsville,Alabama,"193,079","180,105",7.20%,213.4 sq mi,905,34.7,86.67
125,Mobile,Alabama,"192,904","195,111",_1.13%,139.4 sq mi,1384,30.67,88.1
126,Tallahassee,Florida,"190,894","181,376",5.25%,100.4 sq mi,1901,30.46,84.25
127,Grand Prairie,Texas,"190,682","175,396",8.72%,72.3 sq mi,2637,32.69,97.02
128,Overland Park,Kansas,"188,966","173,372",8.99%,75.1 sq mi,2516,38.89,94.69
129,Knoxville,Tennessee,"186,239","178,874",4.12%,98.5 sq mi,1891,35.97,83.95
130,Port St. Lucie,Florida,"185,132","164,603",12.47%,118.9 sq mi,1557,27.28,80.39
131,Worcester,Massachusetts,"184,508","181,045",1.91%,37.4 sq mi,4933,42.27,71.81
132,Brownsville,Texas,"183,823","175,023",5.03%,132.5 sq mi,1387,26,97.46
133,Tempe,Arizona,"182,498","161,719",12.85%,40.0 sq mi,4562,33.39,111.93
134,Santa Clarita,California,"181,972","176,320",3.21%,52.8 sq mi,3446,34.4,118.5
135,Newport News,Virginia,"181,825","180,719",0.61%,69.1 sq mi,2631,37.08,76.52
136,Cape Coral,Florida,"179,804","154,305",16.53%,105.6 sq mi,1703,26.64,82
137,Providence,Rhode Island,"179,219","178,042",0.66%,18.4 sq mi,9740,41.82,71.42
138,Fort Lauderdale,Florida,"178,752","165,521",7.99%,34.6 sq mi,5166,26.14,80.15
139,Chattanooga,Tennessee,"177,571","167,674",5.90%,143.1 sq mi,1241,35.07,85.25
140,Rancho Cucamonga,California,"176,534","165,269",6.82%,40.0 sq mi,4413,34.12,117.56
141,Oceanside,California,"175,464","167,086",5.01%,41.3 sq mi,4249,33.22,117.31
142,Santa Rosa,California,"175,155","167,815",4.37%,41.3 sq mi,4241,38.45,122.71
143,Garden Grove,California,"174,858","170,883",2.33%,18.0 sq mi,9714,33.78,117.96
144,Vancouver,Washington,"174,826","161,791",8.06%,46.9 sq mi,3728,45.63,122.6
145,Sioux Falls,South Dakota,"174,360","153,888",13.30%,75.4 sq mi,2312,43.54,96.73
146,Ontario,California,"173,212","163,924",5.67%,49.9 sq mi,3471,34.04,117.6
147,McKinney,Texas,"172,298","131,117",31.41%,63.0 sq mi,2735,33.2,96.67
148,Elk Grove,California,"169,743","153,015",10.93%,42.2 sq mi,4022,38.41,121.39
149,Jackson,Mississippi,"169,148","173,514",_2.52%,111.0 sq mi,1524,32.32,90.21
150,Pembroke Pines,Florida,"168,587","154,019",9.46%,33.0 sq mi,5109,26.02,80.34
151,Salem,Oregon,"167,419","154,637",8.27%,48.6 sq mi,3445,44.92,123.02
152,Springfield,Missouri,"167,319","159,498",4.90%,82.3 sq mi,2033,37.19,93.29
153,Corona,California,"166,785","152,374",9.46%,39.5 sq mi,4222,33.86,117.57
154,Eugene,Oregon,"166,575","156,185",6.65%,44.1 sq mi,3777,44.06,123.12
155,Fort Collins,Colorado,"164,207","143,986",14.04%,55.8 sq mi,2943,40.55,105.06
156,Peoria,Arizona,"164,173","154,065",6.56%,175.7 sq mi,934,33.79,112.31
157,Frisco,Texas,"163,656","116,989",39.89%,67.7 sq mi,2417,33.16,96.82
158,Cary,North Carolina,"162,320","135,234",20.03%,56.5 sq mi,2873,35.78,78.81
159,Lancaster,California,"160,106","156,633",2.22%,94.3 sq mi,1698,34.69,118.18
160,Hayward,California,"158,937","144,186",10.23%,45.5 sq mi,3493,37.63,122.1
161,Palmdale,California,"157,356","152,750",3.02%,106.0 sq mi,1484,34.59,118.11
162,Salinas,California,"157,218","150,441",4.50%,23.6 sq mi,6662,36.69,121.63
163,Alexandria,Virginia,"155,810","139,966",11.32%,15.0 sq mi,10387,38.82,77.08
164,Lakewood,Colorado,"154,393","142,980",7.98%,42.9 sq mi,3599,39.7,105.12
165,Springfield,Massachusetts,"154,074","153,060",0.66%,31.9 sq mi,4830,42.12,72.54
166,Pasadena,Texas,"153,351","149,043",2.89%,43.5 sq mi,3525,29.66,95.15
167,Sunnyvale,California,"152,771","140,081",9.06%,22.0 sq mi,6944,37.39,122.03
168,Macon,Georgia,"152,555","91,351",67.00%,249.3 sq mi,612,32.81,83.69
169,Pomona,California,"152,494","149,058",2.31%,23.0 sq mi,6630,34.06,117.76
170,Hollywood,Florida,"151,998","140,768",7.98%,27.3 sq mi,5568,26.03,80.16
171,Kansas City,Kansas,"151,709","145,786",4.06%,124.8 sq mi,1216,39.12,94.74
172,Escondido,California,"151,613","143,911",5.35%,37.1 sq mi,4087,33.13,117.07
173,Clarksville,Tennessee,"150,287","132,929",13.06%,98.3 sq mi,1529,36.57,87.35
174,Joliet,Illinois,"148,262","147,433",0.56%,64.4 sq mi,2302,41.52,88.15
175,Rockford,Illinois,"147,651","152,871",_3.41%,63.5 sq mi,2325,42.26,89.06
176,Torrance,California,"147,195","145,438",1.21%,20.5 sq mi,7180,33.84,118.34
177,Naperville,Illinois,"147,122","141,853",3.71%,38.7 sq mi,3802,41.75,88.16
178,Paterson,New Jersey,"147,000","146,199",0.55%,8.4 sq mi,17500,40.91,74.16
179,Savannah,Georgia,"146,763","136,286",7.69%,103.6 sq mi,1417,32,81.15
180,Bridgeport,Connecticut,"145,936","144,229",1.18%,16.1 sq mi,9064,41.19,73.2
181,Mesquite,Texas,"143,736","139,824",2.80%,47.2 sq mi,3045,32.76,96.59
182,Killeen,Texas,"143,400","127,921",12.10%,53.5 sq mi,2680,31.08,97.73
183,Syracuse,New York,"143,378","145,170",_1.23%,25.0 sq mi,5735,43.04,76.14
184,McAllen,Texas,"142,212","129,877",9.50%,58.4 sq mi,2435,26.23,98.25
185,Pasadena,California,"142,059","137,122",3.60%,23.0 sq mi,6176,34.16,118.14
186,Bellevue,Washington,"141,400","122,363",15.56%,33.5 sq mi,4221,47.6,122.16
187,Fullerton,California,"140,721","135,161",4.11%,22.4 sq mi,6282,33.89,117.93
188,Orange,California,"140,504","136,416",3.00%,25.4 sq mi,5532,33.79,117.86
189,Dayton,Ohio,"140,489","141,527",_0.73%,55.7 sq mi,2522,39.78,84.2
190,Miramar,Florida,"138,449","122,041",13.44%,29.4 sq mi,4709,25.98,80.34
191,Thornton,Colorado,"136,703","118,772",15.10%,35.7 sq mi,3829,39.92,104.94
192,West Valley City,Utah,"136,574","129,480",5.48%,35.5 sq mi,3847,40.69,112.01
193,Olathe,Kansas,"135,473","125,872",7.63%,60.9 sq mi,2225,38.88,94.82
194,Hampton,Virginia,"135,410","137,436",_1.47%,51.5 sq mi,2629,37.05,76.3
195,Warren,Michigan,"135,125","134,056",0.80%,34.4 sq mi,3928,42.49,83.03
196,Midland,Texas,"134,610","111,147",21.11%,74.4 sq mi,1809,32.02,102.11
197,Waco,Texas,"134,432","124,805",7.71%,89.0 sq mi,1510,31.56,97.19
198,Charleston,South Carolina,"134,385","120,083",11.91%,109.0 sq mi,1233,32.82,79.96
199,Columbia,South Carolina,"134,309","129,272",3.90%,133.5 sq mi,1006,34.03,80.9
200,Denton,Texas,"133,808","113,383",18.01%,93.4 sq mi,1433,33.22,97.14
201,Carrollton,Texas,"133,351","119,097",11.97%,36.3 sq mi,3674,32.99,96.9
202,Surprise,Arizona,"132,677","117,517",12.90%,107.9 sq mi,1230,33.67,112.45
203,Roseville,California,"132,671","118,788",11.69%,43.0 sq mi,3085,38.77,121.32
204,Sterling Heights,Michigan,"132,427","129,699",2.10%,36.5 sq mi,3628,42.58,83.03
205,Murfreesboro,Tennessee,"131,947","108,755",21.32%,55.9 sq mi,2360,35.85,86.42
206,Gainesville,Florida,"131,591","124,354",5.82%,62.3 sq mi,2112,29.68,82.35
207,Cedar Rapids,Iowa,"131,127","126,326",3.80%,70.8 sq mi,1852,41.97,91.68
208,Visalia,California,"131,074","124,442",5.33%,37.5 sq mi,3495,36.33,119.33
209,Coral Springs,Florida,"130,059","121,096",7.40%,23.8 sq mi,5465,26.27,80.26
210,New Haven,Connecticut,"129,934","129,779",0.12%,18.7 sq mi,6948,41.31,72.93
211,Stamford,Connecticut,"129,113","122,643",5.28%,37.6 sq mi,3434,41.08,73.55
212,Thousand Oaks,California,"128,888","126,683",1.74%,55.2 sq mi,2335,34.19,118.87
213,Concord,California,"128,726","122,067",5.46%,30.5 sq mi,4221,37.97,122
214,Elizabeth,New Jersey,"128,640","124,969",2.94%,12.3 sq mi,10459,40.67,74.19
215,Lafayette,Louisiana,"127,626","120,623",5.81%,53.8 sq mi,2372,30.21,92.03
216,Kent,Washington,"127,514","92,411",37.99%,33.7 sq mi,3784,47.39,122.21
217,Topeka,Kansas,"126,808","127,473",_0.52%,61.5 sq mi,2062,39.03,95.7
218,Simi Valley,California,"126,327","124,237",1.68%,41.5 sq mi,3044,34.27,118.75
219,Santa Clara,California,"125,948","116,468",8.14%,18.4 sq mi,6845,37.36,121.97
220,Athens,Georgia,"123,371","115,452",6.86%,116.4 sq mi,1060,33.95,83.37
221,Hartford,Connecticut,"123,243","124,775",_1.23%,17.4 sq mi,7083,41.77,72.68
222,Victorville,California,"122,265","115,903",5.49%,73.3 sq mi,1668,34.53,117.35
223,Abilene,Texas,"122,225","117,063",4.41%,106.7 sq mi,1146,32.45,99.74
224,Norman,Oklahoma,"122,180","110,925",10.15%,178.8 sq mi,683,35.24,97.35
225,Vallejo,California,"121,299","115,942",4.62%,30.7 sq mi,3951,38.11,122.26
226,Berkeley,California,"121,240","112,580",7.69%,10.5 sq mi,11547,37.87,122.3
227,Round Rock,Texas,"120,892","99,887",21.03%,35.6 sq mi,3396,30.53,97.67
228,Ann Arbor,Michigan,"120,782","113,934",6.01%,28.1 sq mi,4298,42.28,83.73
229,Fargo,North Dakota,"120,762","105,549",14.41%,49.3 sq mi,2450,46.87,96.83
230,Columbia,Missouri,"120,612","108,500",11.16%,65.0 sq mi,1856,38.95,92.33
231,Allentown,Pennsylvania,"120,443","118,032",2.04%,17.5 sq mi,6882,40.59,75.48
232,Evansville,Indiana,"119,477","117,429",1.74%,47.3 sq mi,2526,37.99,87.53
233,Beaumont,Texas,"118,299","118,296",0.00%,82.1 sq mi,1441,30.08,94.15
234,Odessa,Texas,"117,871","99,940",17.94%,45.2 sq mi,2608,31.88,102.34
235,Wilmington,North Carolina,"117,525","106,476",10.38%,51.6 sq mi,2278,34.21,77.89
236,Arvada,Colorado,"117,453","106,433",10.35%,38.6 sq mi,3043,39.83,105.15
237,Independence,Missouri,"117,030","116,830",0.17%,77.8 sq mi,1504,39.09,94.35
238,Provo,Utah,"116,868","112,488",3.89%,41.7 sq mi,2803,40.25,111.64
239,Lansing,Michigan,"116,020","114,297",1.51%,39.1 sq mi,2967,42.71,84.56
240,El Monte,California,"115,807","113,475",2.06%,9.6 sq mi,12063,34.07,118.03
241,Springfield,Illinois,"115,715","116,250",_0.46%,60.1 sq mi,1925,39.79,89.64
242,Fairfield,California,"114,756","105,321",8.96%,40.9 sq mi,2806,38.26,122.03
243,Clearwater,Florida,"114,361","107,685",6.20%,25.9 sq mi,4415,27.98,82.77
244,Peoria,Illinois,"114,265","115,007",_0.65%,48.2 sq mi,2371,40.75,89.62
245,Rochester,Minnesota,"114,011","106,769",6.78%,54.6 sq mi,2088,44.02,92.48
246,Carlsbad,California,"113,952","105,328",8.19%,37.7 sq mi,3023,33.12,117.28
247,Westminster,Colorado,"113,875","106,114",7.31%,31.7 sq mi,3592,39.88,105.06
248,West Jordan,Utah,"113,699","103,712",9.63%,32.3 sq mi,3520,40.6,112
249,Pearland,Texas,"113,570","91,252",24.46%,46.3 sq mi,2453,29.56,95.32
250,Richardson,Texas,"113,347","99,223",14.23%,28.6 sq mi,3963,32.97,96.71
251,Downey,California,"113,267","111,772",1.34%,12.4 sq mi,9134,33.94,118.13
252,Miami Gardens,Florida,"113,058","107,167",5.50%,18.2 sq mi,6212,25.95,80.24
253,Temecula,California,"113,054","100,097",12.94%,37.3 sq mi,3031,33.49,117.13
254,Costa Mesa,California,"112,822","109,960",2.60%,15.7 sq mi,7186,33.67,117.91
255,College Station,Texas,"112,141","93,857",19.48%,51.0 sq mi,2199,30.59,96.3
256,Elgin,Illinois,"112,123","108,188",3.64%,37.4 sq mi,2998,42.04,88.32
257,Murrieta,California,"111,674","103,466",7.93%,33.6 sq mi,3324,33.57,117.19
258,Gresham,Oregon,"111,523","105,594",5.61%,23.3 sq mi,4786,45.5,122.44
259,High Point,North Carolina,"111,223","104,371",6.57%,55.2 sq mi,2015,35.99,79.99
260,Antioch,California,"110,898","102,372",8.33%,29.4 sq mi,3772,37.98,121.8
261,Inglewood,California,"110,654","109,673",0.89%,9.1 sq mi,12160,33.96,118.34
262,Cambridge,Massachusetts,"110,651","105,162",5.22%,6.4 sq mi,17289,42.38,71.12
263,Lowell,Massachusetts,"110,558","106,519",3.79%,13.6 sq mi,8129,42.64,71.32
264,Manchester,New Hampshire,"110,506","109,565",0.86%,33.1 sq mi,3339,42.98,71.44
265,Billings,Montana,"110,323","104,170",5.91%,43.7 sq mi,2525,45.79,108.55
266,Pueblo,Colorado,"110,291","106,595",3.47%,53.6 sq mi,2058,38.27,104.61
267,Palm Bay,Florida,"110,104","103,190",6.70%,65.7 sq mi,1676,27.99,80.66
268,Centennial,Colorado,"109,932","100,377",9.52%,29.5 sq mi,3727,39.59,104.87
269,Richmond,California,"109,813","103,701",5.89%,30.1 sq mi,3648,37.95,122.36
270,Ventura,California,"109,592","106,433",2.97%,21.8 sq mi,5027,34.27,119.25
271,Pompano Beach,Florida,"109,393","99,845",9.56%,24.0 sq mi,4558,26.24,80.13
272,North Charleston,South Carolina,"109,298","97,471",12.13%,73.7 sq mi,1483,32.92,80.07
273,Everett,Washington,"109,043","103,019",5.85%,33.3 sq mi,3275,47.96,122.19
274,Waterbury,Connecticut,"108,272","110,366",_1.90%,28.5 sq mi,3799,41.56,73.04
275,West Palm Beach,Florida,"108,161","99,919",8.25%,55.1 sq mi,1963,26.75,80.13
276,Boulder,Colorado,"108,090","97,385",10.99%,24.8 sq mi,4358,40.03,105.25
277,West Covina,California,"107,847","106,098",1.65%,16.0 sq mi,6740,34.06,117.91
278,Broken Arrow,Oklahoma,"107,403","98,850",8.65%,61.7 sq mi,1741,36.04,95.78
279,Clovis,California,"106,583","95,631",11.45%,24.2 sq mi,4404,36.83,119.68
280,Daly City,California,"106,472","101,123",5.29%,7.6 sq mi,14009,37.7,122.47
281,Lakeland,Florida,"106,420","97,422",9.24%,65.9 sq mi,1615,28.06,81.95
282,Santa Maria,California,"106,290","99,553",6.77%,22.8 sq mi,4662,34.93,120.44
283,Norwalk,California,"106,178","105,549",0.60%,9.7 sq mi,10946,33.91,118.08
284,Sandy Springs,Georgia,"105,703","93,853",12.63%,37.7 sq mi,2804,33.93,84.37
285,Hillsboro,Oregon,"105,164","91,611",14.79%,25.0 sq mi,4207,45.53,122.94
286,Green Bay,Wisconsin,"105,139","104,057",1.04%,45.4 sq mi,2316,44.52,87.98
287,Tyler,Texas,"104,798","96,900",8.15%,56.6 sq mi,1852,32.32,95.31
288,Wichita Falls,Texas,"104,724","104,553",0.16%,72.2 sq mi,1450,33.91,98.53
289,Lewisville,Texas,"104,659","95,290",9.83%,36.7 sq mi,2852,33.05,96.98
290,Burbank,California,"104,447","103,340",1.07%,17.4 sq mi,6003,34.19,118.33
291,Greeley,Colorado,"103,990","92,889",11.95%,47.8 sq mi,2176,40.42,104.77
292,San Mateo,California,"103,959","97,207",6.95%,12.1 sq mi,8592,37.56,122.31
293,El Cajon,California,"103,768","99,478",4.31%,14.5 sq mi,7156,32.8,116.96
294,Jurupa Valley,California,"103,541","103,541",0%,42.9 sq mi,2414,34,117.47
295,Rialto,California,"103,314","99,171",4.18%,22.3 sq mi,4633,34.11,117.39
296,Davenport,Iowa,"102,612","99,685",2.94%,62.9 sq mi,1631,41.55,90.6
297,League City,Texas,"102,010","83,560",22.08%,51.2 sq mi,1992,29.49,95.11
298,Edison,New Jersey,"101,996","99,967",2.03%,30.1 sq mi,3389,40.5,74.35
299,Davie,Florida,"101,871","91,992",10.74%,34.9 sq mi,2919,26.08,80.29
300,Las Cruces,New Mexico,"101,759","97,618",4.24%,76.9 sq mi,1323,32.33,106.79
301,South Bend,Indiana,"101,735","101,168",0.56%,41.4 sq mi,2457,41.68,86.27
302,Vista,California,"101,659","93,834",8.34%,18.7 sq mi,5436,33.19,117.24
303,Woodbridge,New Jersey,"101,389","99,585",1.81%,23.3 sq mi,4351,40.56,74.29
304,Renton,Washington,"100,953","90,927",11.03%,23.4 sq mi,4314,47.48,122.19
305,Lakewood,New Jersey,"100,758","92,843",8.53%,24.7 sq mi,4079,40.08,74.2
306,San Angelo,Texas,"100,702","93,200",8.05%,59.9 sq mi,1681,31.44,100.45
307,Clinton,Michigan,"100,392","96,796",3.72%,28.1 sq mi,3573,42.59,82.92
